TOTAL	1143
CODE	10	E712
CODE	8	F811
CODE	2	C401
CODE	83	UP045
CODE	160	I001
CODE	1	B018
CODE	2	C408
CODE	4	F541
CODE	5	UP015
CODE	3	C420
CODE	14	E702
CODE	8	B904
CODE	25	B007
CODE	154	UP035
CODE	17	UP037
CODE	99	F401
CODE	1	W292
CODE	16	W293
CODE	6	B023
CODE	436	UP006
CODE	4	E401
CODE	51	E402
CODE	2	B028
CODE	3	C416
CODE	1	E741
CODE	28	F841
FILE	2	src/scripts/run_phase2_b_cert_1_v2.py
FILE	1	notebooks/30_sequence_models.ipynb:cell 2
FILE	10	notebooks/30_sequence_models.ipynb:cell 3
FILE	5	notebooks/hkadh.py
FILE	2	src/scripts/run_phase2_certificate_audit.py
FILE	1	src/uais_v/data/nlp_preprocess.py
FILE	1	notebooks/100_fusion_and_dashboard.ipynb:cell 2
FILE	17	src/uais/fusion/attention/dim_reduction.py
FILE	1	dashboard/app_streamlit.py
FILE	4	notebooks/100_fusion_and_dashboard.ipynb:cell 3
FILE	23	src/uais/fusion/attention/reliability_estimator.py
FILE	3	src/elara/evaluation/ensemble_inference.py
FILE	14	src/uais/fusion/attention/leakage_guard.py
FILE	4	src/uais/utils/stats.py
FILE	2	src/uais/vision/train_vision_model.py
FILE	3	src/uais/data/load_cyber_data.py
FILE	2	notebooks/100_fusion_and_dashboard.ipynb:cell 7
FILE	1	src/elara/evaluation/__init__.py
FILE	2	src/scripts/family_d_v2_inference.py
FILE	1	tests/test_phase1_1_primary_story_consistency.py
FILE	9	src/uais/sequence/build_sequences.py
FILE	7	src/scripts/run_phase2_family_d_v2_cell.py
FILE	14	src/uais/sequence/train_lstm.py
FILE	1	src/uais/explainability/shap_explainer.py
FILE	1	notebooks/95_data_quickstart.ipynb:cell 2
FILE	5	notebooks/60_evaluation_drift.ipynb:cell 1
FILE	1	notebooks/95_data_quickstart.ipynb:cell 4
FILE	7	src/uais/supervised/train_fraud_supervised.py
FILE	13	src/uais/sequence/train_gru.py
FILE	1	notebooks/95_data_quickstart.ipynb:cell 6
FILE	8	tests/test_holm_bonferroni.py
FILE	6	src/uais/vision/train_autoencoder_vision.py
FILE	17	src/uais/sequence/ablation.py
FILE	4	src/scripts/prepare_mvtec_loco_fusion_benchmark.py
FILE	1	src/scripts/run_phase2_family_a_cell.py
FILE	1	notebooks/95_data_quickstart.ipynb:cell 8
FILE	1	src/uais/explainability/vision_gradcam.py
FILE	2	src/uais/reporting/make_tables.py
FILE	1	src/uais/features/cyber_features.py
FILE	6	src/scripts/run_phase2_powered_audited_pilot.py
FILE	2	src/scripts/run_phase2_b_mech_1_clean_arm.py
FILE	3	dashboard/components/overview_tab.py
FILE	2	tests/test_reliability_estimator.py
FILE	1	tests/test_family_d_v2_manifest_no_placeholders.py
FILE	2	src/scripts/run_phase2_family_d_v2_inference.py
FILE	2	src/scripts/run_fusion_experiment.py
FILE	3	notebooks/22_unsupervised_behavior.ipynb:cell 1
FILE	12	src/scripts/prepare_realfusion_la_benchmark.py
FILE	1	tests/test_phase2_prediction_archive_schema.py
FILE	7	src/uais/nlp/train_transformer_text.py
FILE	3	src/uais/fusion/attention/causal_attribution.py
FILE	6	src/uais/data/load_datasets.py
FILE	2	tests/test_nlp_tiny.py
FILE	7	notebooks/40_fusion_model.ipynb:cell 1
FILE	2	src/elara/family_b/mixture_shift.py
FILE	1	notebooks/40_fusion_model.ipynb:cell 2
FILE	1	src/scripts/family_d_v2_write_partition_manifest.py
FILE	9	notebooks/50_explainability.ipynb:cell 1
FILE	1	src/scripts/family_d_v2_download_eyecandies.py
FILE	1	src/scripts/generate_craf_paper_assets.py
FILE	3	src/uais/data/load_fraud_data.py
FILE	7	src/uais/supervised/train_cyber_supervised.py
FILE	9	src/uais/generative/train_wgan.py
FILE	4	tests/test_counterfactual_explainer.py
FILE	2	src/uais/utils/config_loader.py
FILE	1	tests/test_phase2_rga_v2_no_test_tuning.py
FILE	1	notebooks/97_feature_ablation.ipynb:cell 5
FILE	4	src/uais/anomaly/train_lof.py
FILE	5	notebooks/01_eda_fraud.ipynb:cell 1
FILE	2	tests/test_mvtec3d_benchmark.py
FILE	5	src/scripts/run_phase2_mixture_shift.py
FILE	1	notebooks/97_feature_ablation.ipynb:cell 7
FILE	3	src/pipeline/build_features.py
FILE	1	src/scripts/family_d_v2_schema_verify.py
FILE	1	notebooks/97_feature_ablation.ipynb:cell 9
FILE	2	notebooks/99_integration_overview.ipynb:cell 2
FILE	2	src/uais/vision/vision_utils.py
FILE	2	src/uais/features/cert_behavior_features.py
FILE	1	tests/test_stats.py
FILE	4	src/uais/explainability/lime_explainer.py
FILE	5	notebooks/11_supervised_cyber.ipynb:cell 1
FILE	1	notebooks/99_integration_overview.ipynb:cell 7
FILE	1	src/elara/certification/switching_certificate.py
FILE	3	src/uais/anomaly/evaluate_anomaly.py
FILE	1	notebooks/99_integration_overview.ipynb:cell 8
FILE	1	src/uais/explainability/interactive_attention_dash.py
FILE	2	notebooks/03_eda_behavior.ipynb:cell 1
FILE	6	notebooks/20_unsupervised_fraud.ipynb:cell 1
FILE	2	notebooks/20_unsupervised_fraud.ipynb:cell 2
FILE	1	tests/test_phase1_1_1_residual_patch.py
FILE	28	src/uais/fusion/attention/unsupervised_baselines.py
FILE	4	notebooks/03_eda_behavior.ipynb:cell 5
FILE	1	src/uais/data/load_paysim.py
FILE	3	src/uais/features/scalers_encoders.py
FILE	2	tests/test_ttt_adapters.py
FILE	1	tests/test_vision_resnet.py
FILE	5	notebooks/10_supervised_fraud.ipynb:cell 1
FILE	2	notebooks/10_supervised_fraud.ipynb:cell 2
FILE	5	src/uais/nlp/train_text_classifier.py
FILE	2	src/scripts/prepare_real_fusion_benchmark.py
FILE	2	src/scripts/prepare_unsw_paired_fusion_benchmark.py
FILE	10	src/uais/fusion/run_fusion.py
FILE	2	infer_rga/inference.py
FILE	2	dashboard/components/model_comparison_tab.py
FILE	6	src/uais/fusion/train_fusion_model.py
FILE	6	notebooks/21_unsupervised_cyber.ipynb:cell 1
FILE	3	src/uais/fusion/attention/cross_modal_attention.py
FILE	1	notebooks/90_generative_synthesis.ipynb:cell 2
FILE	2	tests/test_one_primary_elara_bench_la_story.py
FILE	2	src/uais/fusion/attention/evaluate_attention_fusion.py
FILE	3	notebooks/90_generative_synthesis.ipynb:cell 4
FILE	3	tests/test_infer_rga.py
FILE	3	src/scripts/phase1_1_canonical_cleanup.py
FILE	2	src/scripts/run_phase2_family_a_analysis.py
FILE	6	src/uais/fusion/attention/train_attention_fusion.py
FILE	10	notebooks/40_hybrid_fraud_score.ipynb:cell 1
FILE	4	notebooks/90_generative_synthesis.ipynb:cell 7
FILE	1	tests/test_paper_asset_metadata.py
FILE	1	src/uais/sequence/__init__.py
FILE	1	src/uais/reporting/make_plots.py
FILE	2	src/uais/sequence/evaluate_sequence.py
FILE	1	src/scripts/run_fraud_experiment.py
FILE	1	notebooks/98_task_checklist.ipynb:cell 2
FILE	1	src/uais_v/data/build_feature_tables.py
FILE	15	src/uais_v/data/build_30seq_dataset.py
FILE	2	src/uais/explainability/sequence_explainer.py
FILE	1	notebooks/98_task_checklist.ipynb:cell 4
FILE	4	src/uais/generative/train_vae.py
FILE	13	src/uais/fusion/attention/attention_utils.py
FILE	1	src/orchestration/__init__.py
FILE	85	src/uais/fusion/attention/evaluate_attention_harness.py
FILE	1	notebooks/98_task_checklist.ipynb:cell 9
FILE	1	notebooks/96_reports_preview.ipynb:cell 2
FILE	9	src/scripts/family_d_v2_execute.py
FILE	2	src/uais/explainability/attention_visualizer.py
FILE	1	notebooks/96_reports_preview.ipynb:cell 4
FILE	2	src/uais/recommender/rules.py
FILE	6	src/uais/drift/drift_tabular.py
FILE	1	src/scripts/run_sequence_ablation.py
FILE	1	notebooks/96_reports_preview.ipynb:cell 6
FILE	6	src/uais/nlp/nlp_utils.py
FILE	1	tests/test_phase2_family_b_g3_top_q_gate.py
FILE	2	src/uais/drift/drift_time_series.py
FILE	5	src/uais/anomaly/train_isolation_forest.py
FILE	2	src/scripts/prepare_visa_fusion_benchmark.py
FILE	2	src/scripts/build_metrics_manifest.py
FILE	7	src/uais/ensembles/stacking.py
FILE	8	src/scripts/run_phase2_ks_power_sweep.py
FILE	4	src/uais/anomaly/train_autoencoder.py
FILE	4	src/uais/fusion/build_embeddings.py
FILE	3	src/scripts/family_d_v2_extract_features.py
FILE	32	src/uais/fusion/attention/baselines.py
FILE	1	src/scripts/run_phase2_b_mech_1_inference.py
FILE	15	src/uais/utils/metrics.py
FILE	4	src/scripts/generate_reports.py
FILE	22	deploy/api/main.py
FILE	1	src/elara/certification/risk_dominance.py
FILE	1	notebooks/95_data_quickstart.ipynb:cell 14
FILE	5	src/uais/nlp/train_sentiment_model.py
FILE	10	src/scripts/run_cv_benchmark.py
FILE	1	src/pipeline/ingest.py
FILE	3	src/uais/explainability/domain_contribution.py
FILE	8	src/uais/fusion/train_fusion_meta.py
FILE	2	src/scripts/validate_phase1_1_pdf_claims.py
FILE	2	src/uais/drift/drift_vision.py
FILE	73	src/scripts/run_breakthrough_experiment.py
FILE	1	src/scripts/download_datasets.py
FILE	5	src/uais/explainability/runner.py
FILE	4	src/uais/anomaly/train_ocsvm.py
FILE	2	src/scripts/eval_patchcore3d_baseline.py
FILE	1	tests/conftest.py
FILE	3	src/uais/utils/runtime.py
FILE	2	notebooks/Untitled-1.py
FILE	5	src/scripts/run_phase2_rga_v2_gate_sweep.py
FILE	2	src/uais/fusion/evaluate_fusion.py
FILE	1	deploy/api/auth.py
FILE	4	src/elara/evaluation/prediction_archive.py
FILE	4	src/uais/utils/mlflow_utils.py
FILE	1	tests/test_polarity_calibration.py
FILE	5	src/uais/app/api_schema.py
FILE	1	notebooks/01_eda_fraud.ipynb:cell 12
FILE	5	notebooks/02_eda_cyber.ipynb:cell 1
FILE	4	src/uais/data/split_data.py
FILE	1	notebooks/80_vision_forgery_detection.ipynb:cell 2
FILE	3	notebooks/80_vision_forgery_detection.ipynb:cell 3
FILE	1	notebooks/80_vision_forgery_detection.ipynb:cell 4
FILE	2	tests/test_unsupervised_baselines.py
FILE	3	notebooks/70_nlp_email_anomalies.ipynb:cell 2
FILE	8	src/pipeline/train_models.py
FILE	1	src/scripts/emit_rga_plus_validation_frozen_selection.py
FILE	1	notebooks/70_nlp_email_anomalies.ipynb:cell 3
FILE	1	notebooks/80_vision_forgery_detection.ipynb:cell 6
FILE	23	src/uais/fusion/attention/m3dm_features.py
FILE	3	notebooks/80_vision_forgery_detection.ipynb:cell 9
FILE	1	src/elara/family_b/__init__.py
FILE	3	tests/test_learned_gate.py
FILE	1	src/uais/fusion/attention/reliability_boosted_fusion.py
FILE	30	src/uais/fusion/attention/counterfactual_explainer.py
FILE	3	dashboard/components/anomaly_insights_tab.py
FILE	2	scripts/api_latency_check.py
FILE	4	src/scripts/emit_locked_audited_statistics.py
FILE	2	src/scripts/prepare_healthcare_fusion_benchmark.py
FILE	7	src/uais/config/config_loader.py
FILE	1	src/uais/explainability/gradcam_explainer.py
FILE	3	src/scripts/prepare_real3d_fusion_benchmark.py
FILE	1	tests/test_baselines.py
FILE	18	src/uais/fusion/attention/adversarial_robustness.py
FILE	3	src/uais/utils/result_aggregation.py
FILE	1	src/orchestration/vision_flow.py
FILE	2	src/uais/utils/paths.py
FILE	1	src/scripts/emit_mvtec3d_assets.py
FILE	18	src/uais/sequence/transformer_tcn.py
FILE	1	src/scripts/validate_manuscript_claims.py
FILE	3	src/scripts/prepare_mvtec3d_fusion_benchmark.py
FILE	2	src/uais/app/predict_example.py
FILE	2	src/scripts/download_mvtec3d_kaggle_subset.py
FILE	1	src/uais/fusion/attention/__init__.py
FILE	4	tests/test_cv_evaluator.py
FILE	3	src/elara/family_b/corruption.py
FILE	2	src/uais/preprocessing/pipeline.py
FILE	4	src/scripts/audit_canonical_label_semantics.py
FILE	1	src/uais/features/behavior_features.py
FILE	1	src/scripts/family_d_v3_fill_test_labels.py
FILE	14	src/uais/fusion/attention/learned_gate.py
FILE	1	src/scripts/run_phase2_mechanism_replication.py
FILE	1	src/scripts/eval_gradient_adversarial.py
FILE	4	notebooks/00_data_overview.ipynb:cell 1
FILE	3	tests/test_phase2_2b1_driver_computation.py
FILE	1	src/elara/certification/__init__.py
FILE	2	tests/test_dim_reduction.py
FILE	4	src/uais/supervised/evaluate_supervised.py
FILE	10	deploy/api/monitoring.py
FILE	1	tests/test_leakage_guard.py
FILE	2	src/uais/drift/drift_nlp.py
FILE	1	tests/test_phase2_family_a_k5_primary_surface.py
FILE	2	src/uais/fusion/attention/validate_fusion_inputs.py
FILE	22	src/uais/fusion/attention/cv_evaluator.py
