figure_table_id,caption,tex_inclusion_path,source_data_artifact_path,description
TABLE 1,Final evidence-family status and claim boundary.,docs/research/tables/final_evidence_family_status.tex,docs/research/phase2/PHASE_2_FINAL_DECISION_AUDITED.md,Status and May/May Not Support bounds for Families A B and D
TABLE 2,Family-A five-cell audited static-reference results (AUDITED STATIC-REFERENCE EVIDENCE).,docs/research/tables/family_a_results.tex,experiments/phase2/statistics/family_a_v2_primary_cell_level_holm_k5.csv,ROC-AUC delta values for A-POWERED-1 to 5 cells
TABLE 3,Family-B mechanism replication results.,docs/research/tables/family_b_mechanism_results.tex,experiments/phase2/mechanism/family_b_primary_replication_holm_k2.csv,Primary B1 and B2 mechanism replication comparisons
TABLE 4,Summary of RGA-v2, domain shift, KS power, and certificates.,docs/research/tables/family_b_rga_v2_ks_cert_summary.tex,experiments/phase2/mechanism/rga_v2_failure_surface_inference.csv;experiments/phase2/mechanism/domain_composition_shift_metrics.csv;experiments/phase2/mechanism/ks_window_size_power.csv;experiments/phase2/certification/switching_certificates_v2.csv,Aggregated summary of Family B exploratory and certifying runs
TABLE 5,Family-D excluded held-out transfer results (EXCLUDED FROM PRIMARY EVIDENCE).,docs/research/tables/family_d_excluded_results.tex,docs/research/phase2/FAMILY_D_V3_FINAL_VALIDITY_AUDIT.md;experiments/phase2/family_d/family_d_v2_primary_inference.csv,Eyecandies transfer outputs with DeLong correction and budget failure label
FIGURE 1,ELARA system architecture.,figures/elara_system_architecture.png,N/A (Conceptual Overview),Architecture schematic showing expert scorers and attention layers
FIGURE 2,Per-domain score-drift curves.,figures/elara_drift_curves.png,experiments/phase2/mechanism/domain_composition_shift_metrics.csv,Visual curve of score noise impact
FIGURE 3,All-domain adversarial ROC-AUC delta.,figures/elara_adversarial_delta.png,experiments/phase2/mechanism/family_b_primary_replication_metrics.csv,Visual comparison of zero/max attack benefit under mean gate
FIGURE 4,Reliability diagram for static attention and RGA.,figures/elara_calibration.png,experiments/phase2/mechanism/ks_true_degradation_power.csv,Calibration curves comparing standard attention with reliability gated paths
