claim_id,claim_text,claim_status,evidence_family,authoritative_artifact_path,allowed_in_abstract,allowed_in_results,allowed_in_conclusion,required_qualifier,forbidden_overclaim
C_FAMILY_A_STATIC_REF,ELARA RGA+ consistently improves on a fixed static-attention reference across five audited cells,COMPLETE_VALID,Family A,experiments/phase2/statistics/family_a_v2_primary_cell_level_holm_k5.csv,true,true,true,Comparison is against fixed static-attention only (not strongest baselines); absolute performance near chance on held-out category (A-POWERED-2); LOCO/VisA are derived-view-proxy; UNSW represents small effect,Do not claim strongest-baseline superiority or independent-modality universality
C_FAMILY_B_B1_REPRODUCED,Zero-attack coherent collapse benefit B1 is reproduced cleanly at +0.0507 (CI [+0.0364, +0.0650]),VERIFIED_REPRODUCED,Family B,experiments/phase2/mechanism/family_b_primary_replication_holm_k2.csv,true,true,true,Replicated under controlled score collapse benchmark only,Do not claim general out-of-distribution robustness
C_FAMILY_B_B2_ESTIMATOR,Max-attack coherent collapse B2 is positive and significant (+0.0939, CI [+0.0741, +0.1149]),COMPARABLE_BUT_ESTIMATOR_CHANGED,Family B,experiments/phase2/mechanism/family_b_primary_replication_holm_k2.csv,true,true,true,Must be reported side-by-side with Phase-1 target (+0.0319) due to estimator change; not an exact magnitude reproduction,Do not claim exact magnitude replication
C_RGA_V2_NOT_PROMOTED,Sensitive gate variants G1/G2/G3 failed clean validation false-fire control (firing rate 1.000) and are not promoted,REJECTED,Family B,experiments/phase2/mechanism/rga_v2_failure_surface_inference.csv,true,true,true,G0 remains the only reference gate,Do not claim RGA-v2 resolves partial-failure robustness
C_DOMAIN_SHIFT_FAILED,Domain composition shift (B-MECH-3S) global and domain-aware gates fired at 1.000 rate,UNRESOLVED,Family B,experiments/phase2/mechanism/domain_composition_shift_metrics.csv,false,true,true,Theorem stack cohort shift remains unresolved/deferred,Do not claim closure of general category/cohort-mixture theorem
C_KS_WINDOW_BOUNDED,KS window size sweep demonstrates power tradeoffs on locked grid,COMPLETE_VALID,Family B,experiments/phase2/mechanism/ks_window_size_power.csv,true,true,true,Gains bounded to evaluated window sizes and degradation types only,Do not extrapolate beyond the locked window grid
C_CERT_MIXED,max_attack is certified retrospectively (LCB = +0.0085, pi_star = 0.000); zero_attack is not certified (LCB = -0.0050, delta_1 = -0.0039),COMPLETE_VALID,Family B,experiments/phase2/certification/switching_certificates_v2.csv,true,true,true,Retrospective evaluation certificate under defined stress protocol only; NOT a production safety certificate or real-world deployment guarantee,Do not claim production safety certificate or real-world deployment guarantee
C_FAMILY_D_NOT_CONFIRMED,Eyecandies held-out transfer attempt satisfied clean false-fire budget (observed 0.000 vs budget <= 0.010) under calibration fix but is not confirmed,NOT_CONFIRMED,Family D,docs/research/phase2/FAMILY_D_V3_INFERENCE_REPORT.md,true,true,true,Paired t-test shows non-significant differences (D-EYE-1: p=0.3632, delta=-0.0010; D-EYE-2: p=0.4468, delta=-0.0109; bootstrap CIs include zero),Do not claim Family D confirms ELARA or successful held-out validation
C_NO_UNIVERSAL,ELARA is not universal SOTA or deployment-ready,COMPLETE_VALID,N/A,docs/research/phase2/PHASE_2_FINAL_DECISION_AUDITED.md,true,true,true,Explicit calibration transfer under score shift limitation,Do not claim universality SOTA or deployment-ready status
